turn_nm,date,num_1,num_2,num_3,num_4,num_5,num_6,num_bonus,win_people,win_prince
850,2019-01-16 0:03,16,20,24,28,36,39,5,6,3377587875
849,2019-01-09 0:03,5,13,17,29,34,39,3,17,1158252883
848,2019-01-02 0:03,1,2,16,22,38,39,34,7,3011580858
847,2019-01-23 0:02,12,16,26,28,30,42,22,8,2520846657
846,2019-01-16 0:02,5,18,30,41,43,45,13,13,1596884395
845,2019-01-09 0:02,1,16,29,33,40,45,6,11,1891217182
844,2019-01-02 0:02,7,8,13,15,33,45,18,18,1162963542
843,2019-01-26 0:01,19,21,30,33,34,42,4,5,4012970100
842,2019-01-19 0:01,14,26,32,36,39,42,38,10,2035475025
841,2019-01-12 0:01,5,11,14,30,33,38,24,17,1116095714
840,2019-01-05 0:01,2,4,11,28,29,43,27,10,2042961788
839,2018-01-29 0:12,3,9,11,12,13,19,35,13,1359454904
838,2018-01-22 0:12,9,14,17,33,36,38,20,5,3813733050
837,2018-01-15 0:12,2,25,28,30,33,45,6,6,3144449125
836,2018-01-08 0:12,1,9,11,14,26,28,19,14,1257843670
835,2018-01-01 0:12,9,10,13,28,38,45,35,15,1233681125
834,2018-01-24 0:11,6,8,18,35,42,43,3,11,1690693671
833,2018-01-17 0:11,12,18,30,39,41,42,19,8,2356317282
832,2018-01-10 0:11,13,14,19,26,40,43,30,9,2088204584
831,2018-01-03 0:11,3,10,16,19,31,39,9,16,1110702258
830,2018-01-27 0:10,5,6,16,18,37,38,17,9,2060528750
829,2018-01-20 0:10,4,5,31,35,43,45,29,8,2444650641
828,2018-01-13 0:10,4,7,13,29,31,39,18,13,1455185972
827,2018-01-06 0:10,5,11,12,29,33,44,14,15,1206500375
826,2018-01-29 0:09,13,16,24,25,33,36,42,9,2075192084
825,2018-01-22 0:09,8,15,21,31,33,38,42,12,1658710563
824,2018-01-15 0:09,7,9,24,29,34,38,26,15,1256646550
823,2018-01-08 0:09,12,18,24,26,39,40,15,9,2009843917
822,2018-01-01 0:09,9,18,20,24,27,36,12,3,5930898625
821,2018-01-25 0:08,1,12,13,24,29,44,16,14,1316155956
820,2018-01-18 0:08,10,21,22,30,35,42,6,4,4627313532
819,2018-01-11 0:08,16,25,33,38,40,45,15,7,2594534840
818,2018-01-04 0:08,14,15,25,28,29,30,3,13,1380804318
817,2018-01-28 0:07,3,9,12,13,25,43,34,9,1868477334
816,2018-01-21 0:07,12,18,19,29,31,39,7,8,2128107938
815,2018-01-14 0:07,17,21,25,26,27,36,4,7,2579855358
814,2018-01-07 0:07,2,21,28,38,42,45,30,6,3067192063
813,2018-01-30 0:06,11,30,34,35,42,44,27,4,4591763157
812,2018-01-23 0:06,1,3,12,14,16,43,10,6,2947954750
811,2018-01-16 0:06,8,11,19,21,36,45,25,7,2524148197
810,2018-01-09 0:06,5,10,13,21,39,43,11,8,2231598047
809,2018-01-02 0:06,6,11,15,17,23,40,39,6,2921372750
808,2018-01-26 0:05,15,21,31,32,41,43,24,6,3087620500
807,2018-01-19 0:05,6,10,18,25,34,35,33,7,2437662322
806,2018-01-12 0:05,14,20,23,31,37,38,27,7,2640760875
805,2018-01-05 0:05,3,12,13,18,31,32,42,4,4266061969
804,2018-01-28 0:04,1,10,13,26,32,36,9,11,1631996523
803,2018-01-21 0:04,5,9,14,26,30,43,2,5,3663810225
802,2018-01-14 0:04,10,11,12,18,24,42,27,16,1082947993
801,2018-01-07 0:04,17,25,28,37,43,44,2,8,2256786657
800,2018-01-31 0:03,1,4,10,12,28,45,26,11,1632246205
799,2018-01-24 0:03,12,17,23,34,42,45,33,10,1826427225
798,2018-01-17 0:03,2,10,14,22,32,36,41,7,2710791911
797,2018-01-10 0:03,5,22,31,32,39,45,36,8,2397028125
796,2018-01-03 0:03,1,21,26,36,40,41,5,7,2763490340
795,2018-01-24 0:02,3,10,13,26,34,38,36,11,1714977000
794,2018-01-17 0:02,6,7,18,19,30,38,13,7,2650940304
793,2018-01-10 0:02,10,15,21,35,38,43,31,5,3750146775
792,2018-01-03 0:02,2,7,19,25,29,36,16,7,2655736768
791,2018-01-27 0:01,2,10,12,31,33,42,32,14,1253081893
780,2017-01-11 0:11,15,17,19,21,27,45,16,11,1667520137
779,2017-01-04 0:11,6,12,19,24,34,41,4,11,1527709296
778,2017-01-28 0:10,6,21,35,36,37,41,11,3,6264069500
777,2017-01-21 0:10,6,12,17,21,34,37,18,21,833468036
776,2017-01-14 0:10,8,9,18,21,28,40,20,7,2557579393
775,2017-01-07 0:10,11,12,29,33,38,42,17,5,3470437650
774,2017-01-30 0:09,12,15,18,28,34,42,9,11,1709721512
773,2017-01-23 0:09,8,12,19,21,31,35,44,11,1609403080
772,2017-01-16 0:09,5,6,11,14,21,41,32,10,1769608838
771,2017-01-09 0:09,6,10,17,18,21,29,30,4,4362644907
780,2017-01-11 0:11,15,17,19,21,27,45,16,11,1667520137
779,2017-01-04 0:11,6,12,19,24,34,41,4,11,1527709296
778,2017-01-28 0:10,6,21,35,36,37,41,11,3,6264069500
777,2017-01-21 0:10,6,12,17,21,34,37,18,21,833468036
776,2017-01-14 0:10,8,9,18,21,28,40,20,7,2557579393
775,2017-01-07 0:10,11,12,29,33,38,42,17,5,3470437650
774,2017-01-30 0:09,12,15,18,28,34,42,9,11,1709721512
773,2017-01-23 0:09,8,12,19,21,31,35,44,11,1609403080
772,2017-01-16 0:09,5,6,11,14,21,41,32,10,1769608838
771,2017-01-09 0:09,6,10,17,18,21,29,30,4,4362644907
770,2017-01-02 0:09,1,9,12,23,39,43,34,8,2163099329
769,2017-01-26 0:08,5,7,11,16,41,45,4,9,1930760042
768,2017-01-19 0:08,7,27,29,30,38,44,4,13,1363572260
767,2017-01-12 0:08,5,15,20,31,34,42,22,15,1163768725
766,2017-01-05 0:08,9,30,34,35,39,41,21,8,2173637297
765,2017-01-29 0:07,1,3,8,12,42,43,33,15,1109214250
764,2017-01-22 0:07,7,22,24,31,34,36,15,7,2459975465
763,2017-01-15 0:07,3,8,16,32,34,43,10,8,2138130000
762,2017-01-08 0:07,1,3,12,21,26,41,16,10,1631432063
761,2017-01-01 0:07,4,7,11,24,42,45,30,7,2392730518
760,2017-01-24 0:06,10,22,27,31,42,43,12,8,2253299391
759,2017-01-17 0:06,9,33,36,40,42,43,32,6,3032670500
758,2017-01-10 0:06,5,9,12,30,39,43,24,8,2078969954
757,2017-01-03 0:06,6,7,11,17,33,44,1,21,739839858
756,2017-01-27 0:05,10,14,16,18,27,28,4,5,3414434700
755,2017-01-22 0:05,13,14,26,28,30,36,37,8,2214427266
754,2017-01-13 0:05,2,8,17,24,29,31,32,5,3427542000
753,2017-01-06 0:05,2,17,19,24,37,41,3,6,2711105063
752,2017-01-29 0:04,4,16,20,33,40,43,7,9,1870358834
751,2017-01-22 0:04,3,4,16,20,28,44,17,8,2097968110
750,2017-01-15 0:04,1,2,15,19,24,36,12,7,2522104286
749,2017-01-10 0:04,12,14,24,26,34,45,41,13,1350104395
748,2017-01-01 0:04,3,10,13,22,31,32,29,9,1928246542
747,2017-01-25 0:03,7,9,12,14,23,28,17,9,1903214584
746,2017-01-18 0:03,3,12,33,36,42,45,25,9,2038623709
745,2017-01-11 0:03,1,2,3,9,12,23,10,20,746822982
744,2017-01-04 0:03,10,15,18,21,34,41,43,15,1155411575
743,2017-01-25 0:02,15,19,21,34,41,44,10,7,2608641000
742,2017-01-18 0:02,8,10,13,36,37,40,6,16,1111814813
741,2017-01-11 0:02,5,21,27,34,44,45,16,6,3043595938
740,2017-01-04 0:02,4,8,9,16,17,19,31,18,936929792
739,2017-01-28 0:01,7,22,29,33,34,35,30,4,4744122282
738,2017-01-21 0:01,23,27,28,38,42,43,36,11,1634191091
737,2017-01-14 0:01,13,15,18,24,27,41,11,4,4283061000
736,2017-01-07 0:01,2,11,17,18,21,27,6,5,3397362225
735,2016-01-31 0:12,5,10,13,27,37,41,4,10,1847231588
734,2016-01-24 0:12,6,16,37,38,41,45,18,9,1949395500
733,2016-01-17 0:12,11,24,32,33,35,40,13,4,4016725125
732,2016-01-10 0:12,2,4,5,17,27,32,43,7,2203270608
731,2016-01-03 0:12,2,7,13,25,42,45,39,7,2340471054
730,2016-01-26 0:11,4,10,14,15,18,22,39,8,2017382110
729,2016-01-19 0:11,11,17,21,26,36,45,16,4,4198250719
728,2016-01-12 0:11,3,6,10,30,34,37,36,5,3243464400
727,2016-01-05 0:11,7,8,10,19,21,31,20,14,1115107742
726,2016-01-29 0:10,1,11,21,23,34,44,24,14,1166872634
725,2016-01-22 0:10,6,7,19,21,41,43,38,11,1579217250
724,2016-01-15 0:10,2,8,33,35,37,41,14,12,1427789813
723,2016-01-08 0:10,20,30,33,35,36,44,22,8,2114365360
722,2016-01-01 0:10,12,14,21,30,39,43,45,4,4365422719
721,2016-01-24 0:09,1,28,35,41,43,44,31,8,2273767360
720,2016-01-17 0:09,1,12,29,34,36,37,41,14,1233770358
719,2016-01-10 0:09,4,8,13,19,20,43,26,9,1879581334
718,2016-01-03 0:09,4,11,20,23,32,39,40,17,926166464
717,2016-01-27 0:08,2,11,19,25,28,32,44,6,2702433688
716,2016-01-20 0:08,2,6,13,16,29,30,21,12,1358752157
715,2016-01-13 0:08,2,7,27,33,41,44,10,6,2605510438
714,2016-01-06 0:08,1,7,22,33,37,40,20,7,2085131733
713,2016-01-30 0:07,2,5,15,18,19,23,44,9,1714720917
712,2016-01-23 0:07,17,20,30,31,33,45,19,4,4034485125
711,2016-01-16 0:07,11,15,24,35,37,45,42,7,2277413358
710,2016-01-09 0:07,3,4,9,24,25,33,10,5,2895441150
709,2016-01-02 0:07,10,18,30,36,39,44,32,14,1165271625
708,2016-01-25 0:06,2,10,16,19,34,45,1,4,4099552219
707,2016-01-18 0:06,2,12,19,24,39,44,35,12,1322167313
706,2016-01-11 0:06,3,4,6,10,28,30,37,4,3831746063
705,2016-01-04 0:06,1,6,17,22,28,45,23,4,3987206532
704,2016-01-28 0:05,1,4,8,23,33,42,45,4,3865190344
703,2016-01-21 0:05,10,28,31,33,41,44,21,5,3235784100
702,2016-01-14 0:05,3,13,16,24,26,29,9,11,1465091387
701,2016-01-07 0:05,3,10,14,16,36,38,35,10,1583183175
700,2016-01-30 0:04,11,23,28,29,30,44,13,8,2082099188
699,2016-01-23 0:04,4,5,8,16,21,29,3,8,1995411375
698,2016-01-16 0:04,3,11,13,21,33,37,18,8,1921084125
697,2016-01-09 0:04,2,5,8,11,33,39,31,10,1531443038
696,2016-01-02 0:04,1,7,16,18,34,38,21,10,1632054413
695,2016-01-26 0:03,4,18,26,33,34,38,14,11,1450214830
694,2016-01-19 0:03,7,15,20,25,33,43,12,10,1555036388
693,2016-01-12 0:03,1,6,11,28,34,42,30,10,1642763813
692,2016-01-05 0:03,3,11,14,15,32,36,44,7,2301273697
691,2016-01-27 0:02,15,27,33,35,43,45,16,6,2839296750
690,2016-01-20 0:02,24,25,33,34,38,39,43,15,1126507625
689,2016-01-13 0:02,7,17,19,30,36,38,34,7,2321775911
688,2016-01-06 0:02,5,15,22,23,34,35,2,9,1967536750
687,2016-01-30 0:01,1,8,10,13,28,42,45,6,2720029313
686,2016-01-23 0:01,7,12,15,24,25,43,13,8,1937531719
685,2016-01-16 0:01,6,7,12,28,38,40,18,11,1494367671
684,2016-01-09 0:01,1,11,15,17,25,39,40,9,1688815709
683,2016-01-02 0:01,6,13,20,27,28,40,15,16,1010930883
682,2015-01-26 0:12,17,23,27,35,38,43,2,4,4063713563
681,2015-01-19 0:12,21,24,27,29,43,44,7,6,2696328938
680,2015-01-12 0:12,4,10,19,29,32,42,30,14,1110570563
679,2015-01-05 0:12,3,5,7,14,26,34,35,5,2863005600
678,2015-01-28 0:11,4,5,6,12,25,37,45,6,2288490188
677,2015-01-21 0:11,12,15,24,36,41,44,42,8,1921114407
676,2015-01-14 0:11,1,8,17,34,39,45,27,8,1879726500
675,2015-01-07 0:11,1,8,11,15,18,45,7,4,3514549032
674,2015-01-31 0:10,9,10,14,25,27,31,11,8,1770565500
673,2015-01-24 0:10,7,10,17,29,33,44,5,10,1491453300
672,2015-01-17 0:10,8,21,28,31,36,45,43,9,1754745000
671,2015-01-10 0:10,7,9,10,13,31,35,24,4,3722322844
670,2015-01-03 0:10,11,18,26,27,40,41,25,12,1191725219
669,2015-01-26 0:09,7,8,20,29,33,38,9,6,2708173188
668,2015-01-19 0:09,12,14,15,24,27,32,3,5,2991158625
667,2015-01-12 0:09,15,17,25,37,42,43,13,7,2228764393
666,2015-01-05 0:09,2,4,6,11,17,28,16,6,2396901063
665,2015-01-29 0:08,5,6,11,17,38,44,13,4,3643230375
664,2015-01-22 0:08,10,20,33,36,41,44,5,10,1536801338
663,2015-01-15 0:08,3,5,8,19,38,42,20,7,2080244143
662,2015-01-08 0:08,5,6,9,11,15,37,26,8,1689733688
661,2015-01-01 0:08,2,3,12,20,27,38,40,8,1713025547
660,2015-01-25 0:07,4,9,23,33,39,44,14,10,1421272575
659,2015-01-18 0:07,7,18,19,27,29,42,45,11,1336604216
658,2015-01-11 0:07,8,19,25,28,32,36,37,9,1634031375
657,2015-01-04 0:07,10,14,19,39,40,43,23,9,1694762792
656,2015-01-27 0:06,3,7,14,16,31,40,39,2,7330002750
655,2015-01-20 0:06,7,37,38,39,40,44,18,9,1661439625
654,2015-01-13 0:06,16,21,26,31,36,43,6,8,1879301391
653,2015-01-06 0:06,5,6,26,27,38,39,1,14,980958670
652,2015-01-30 0:05,3,13,15,40,41,44,20,5,3003483525
651,2015-01-23 0:05,11,12,16,26,29,44,18,8,1855306454
650,2015-01-16 0:05,3,4,7,11,31,41,35,5,2849298900
649,2015-01-09 0:05,3,21,22,33,41,42,20,5,2948042100
648,2015-01-02 0:05,13,19,28,37,38,43,4,7,2120987947
647,2015-01-25 0:04,5,16,21,23,24,30,29,7,2189725608
646,2015-01-18 0:04,2,9,24,41,43,45,30,7,2215498393
645,2015-01-11 0:04,1,4,16,26,40,41,31,4,3696297750
644,2015-01-04 0:04,5,13,17,23,28,36,8,8,1831451204
643,2015-01-28 0:03,15,24,31,32,33,40,13,6,2535763625
642,2015-01-21 0:03,8,17,18,24,39,45,32,12,1251460438
641,2015-01-14 0:03,11,18,21,36,37,43,12,8,1990074563
640,2015-01-07 0:03,14,15,18,21,26,35,23,9,1728768834
639,2015-01-28 0:02,6,15,22,23,25,32,40,4,4061185219
638,2015-01-21 0:02,7,18,22,24,31,34,6,7,2229403179
637,2015-01-14 0:02,3,16,22,37,38,44,23,4,3899241094
636,2015-01-07 0:02,6,7,15,16,20,31,26,8,1832362219
635,2015-01-31 0:01,11,13,25,26,29,33,32,8,1855587235
634,2015-01-24 0:01,4,10,11,12,20,27,38,13,1077935106
633,2015-01-17 0:01,9,12,19,20,39,41,13,12,1217257094
632,2015-01-10 0:01,15,18,21,32,35,44,6,11,1432587716
631,2015-01-03 0:01,1,2,4,23,31,34,8,4,3919853532
630,2014-01-27 0:12,8,17,21,24,27,31,15,3,4836305500
629,2014-01-20 0:12,19,28,31,38,43,44,1,5,2919433575
628,2014-01-13 0:12,1,7,12,15,23,42,11,9,1499942875
627,2014-01-06 0:12,2,9,22,25,31,45,12,10,1352230650
626,2014-01-29 0:11,13,14,26,33,40,43,15,8,1717871110
625,2014-01-22 0:11,3,6,7,20,21,39,13,5,2765184675
624,2014-01-15 0:11,1,7,19,26,27,35,16,5,2763729450
623,2014-01-08 0:11,7,13,30,39,41,45,25,8,1813702594
622,2014-01-01 0:11,9,15,16,21,28,34,24,9,1630598292
621,2014-01-25 0:10,1,2,6,16,19,42,9,6,2359723500
620,2014-01-18 0:10,2,16,17,32,39,45,40,7,2028283233
619,2014-01-11 0:10,6,8,13,30,35,40,21,3,4612479375
618,2014-01-04 0:10,8,16,25,30,42,43,15,5,2881326225
617,2014-01-27 0:09,4,5,11,12,24,27,28,8,1629701860
616,2014-01-20 0:09,5,13,18,23,40,45,3,9,1611811250
615,2014-01-13 0:09,10,17,18,19,23,27,35,9,1535062417
614,2014-01-06 0:09,8,21,25,39,40,44,18,6,2540975438
613,2014-01-30 0:08,7,8,11,16,41,44,35,9,1549831209
612,2014-01-23 0:08,6,9,18,19,25,33,40,11,1181705250
611,2014-01-16 0:08,2,22,27,33,36,37,14,4,3502706157
610,2014-01-09 0:08,14,18,20,23,28,36,33,4,3516018375
609,2014-01-02 0:08,4,8,27,34,39,40,13,2,6339311438
608,2014-01-26 0:07,4,8,18,19,39,44,41,7,1943530018
607,2014-01-19 0:07,8,14,23,36,38,39,13,4,3494480907
606,2014-01-12 0:07,1,5,6,14,20,39,22,10,1311566850
605,2014-01-05 0:07,1,2,7,9,10,38,42,9,1394232250
604,2014-01-28 0:06,2,6,18,21,33,34,30,11,1229141557
603,2014-01-21 0:06,2,19,25,26,27,43,28,4,3452136563
602,2014-01-14 0:06,13,14,22,27,30,38,2,8,1689530860
601,2014-01-07 0:06,2,16,19,31,34,35,37,9,1524565209
600,2014-01-31 0:05,5,11,14,27,29,36,44,15,901798725
599,2014-01-24 0:05,5,12,17,29,34,35,27,8,1710918329
598,2014-01-17 0:05,4,12,24,33,38,45,22,16,833998594
597,2014-01-10 0:05,8,10,23,24,35,43,37,13,1057920606
596,2014-01-03 0:05,3,4,12,14,25,43,17,10,1328267663
595,2014-01-26 0:04,8,24,28,35,38,40,5,8,1744525219
594,2014-01-19 0:04,2,8,13,25,28,37,3,11,1255592796
593,2014-01-12 0:04,9,10,13,24,33,38,28,9,1532833500
592,2014-01-05 0:04,2,5,6,13,28,44,43,6,2356381688
591,2014-01-29 0:03,8,13,14,30,38,39,5,5,2964676200
590,2014-01-22 0:03,20,30,36,38,41,45,23,7,2185183983
589,2014-01-15 0:03,6,8,28,33,38,39,22,7,2136877983
588,2014-01-08 0:03,2,8,15,22,25,41,30,5,2889342075
587,2014-01-01 0:03,14,21,29,31,32,37,17,3,4974577375
586,2014-01-22 0:02,2,7,12,15,21,34,5,8,1778354344
585,2014-01-15 0:02,6,7,10,16,38,41,4,9,1620546334
584,2014-01-08 0:02,7,18,30,39,40,41,36,3,5033183250
583,2014-01-01 0:02,8,17,27,33,40,44,24,11,1341848353
582,2014-01-25 0:01,2,12,14,33,40,41,25,4,3560558719
581,2014-01-18 0:01,3,5,14,20,42,44,33,8,1844554547
570,2013-01-02 0:11,1,12,26,27,29,33,42,9,1527791625
569,2013-01-26 0:10,3,6,13,23,24,35,1,4,3467925188
568,2013-01-19 0:10,1,3,17,20,31,44,40,10,1305167550
567,2013-01-12 0:10,1,10,15,16,32,41,28,6,2318659438
566,2013-01-05 0:10,4,5,6,25,26,43,41,4,3508951032
565,2013-01-28 0:09,4,10,18,27,40,45,38,8,1742064469
564,2013-01-21 0:09,14,19,25,26,27,34,2,7,1934801143
563,2013-01-14 0:09,5,10,16,17,31,32,21,7,1932735643
562,2013-01-07 0:09,4,11,13,17,20,31,33,11,1166694614
561,2013-01-31 0:08,5,7,18,37,42,45,20,5,2753712225
570,2013-01-02 0:11,1,12,26,27,29,33,42,9,1527791625
569,2013-01-26 0:10,3,6,13,23,24,35,1,4,3467925188
568,2013-01-19 0:10,1,3,17,20,31,44,40,10,1305167550
567,2013-01-12 0:10,1,10,15,16,32,41,28,6,2318659438
566,2013-01-05 0:10,4,5,6,25,26,43,41,4,3508951032
565,2013-01-28 0:09,4,10,18,27,40,45,38,8,1742064469
564,2013-01-21 0:09,14,19,25,26,27,34,2,7,1934801143
563,2013-01-14 0:09,5,10,16,17,31,32,21,7,1932735643
562,2013-01-07 0:09,4,11,13,17,20,31,33,11,1166694614
561,2013-01-31 0:08,5,7,18,37,42,45,20,5,2753712225
560,2013-01-24 0:08,1,4,20,23,29,45,28,7,1976697215
559,2013-01-17 0:08,11,12,25,32,44,45,23,7,1926145608
558,2013-01-10 0:08,12,15,19,26,40,43,29,10,1315913663
557,2013-01-03 0:08,4,20,26,28,35,40,31,7,1888069286
556,2013-01-27 0:07,12,20,23,28,30,44,43,7,2005209161
555,2013-01-20 0:07,11,17,21,24,26,36,12,8,1711027360
554,2013-01-13 0:07,13,14,17,32,41,42,6,2,6813893625
553,2013-01-06 0:07,2,7,17,28,29,39,37,6,2249631438
552,2013-01-29 0:06,1,10,20,32,35,40,43,10,1330824225
551,2013-01-22 0:06,3,6,20,24,27,44,25,1,13526973750
550,2013-01-15 0:06,1,7,14,20,34,37,41,11,1118679205
549,2013-01-08 0:06,29,31,35,38,40,44,17,8,1760805047
548,2013-01-01 0:06,1,12,13,21,32,45,14,8,1736871891
547,2013-01-25 0:05,6,7,15,22,34,39,28,5,2838444450
546,2013-01-18 0:05,8,17,20,27,37,43,6,30,405939950
545,2013-01-11 0:05,4,24,25,27,34,35,2,11,1198994353
544,2013-01-04 0:05,5,17,21,25,36,44,10,13,1046388433
543,2013-01-27 0:04,13,18,26,31,34,44,12,12,1112934844
542,2013-01-20 0:04,5,6,19,26,41,45,34,6,2335152563
541,2013-01-13 0:04,8,13,26,28,32,34,43,11,1269327171
530,2013-01-26 0:01,16,23,27,29,33,41,22,11,1231656239
529,2013-01-19 0:01,18,20,24,27,31,42,39,8,1749114797
528,2013-01-12 0:01,5,17,25,31,39,40,10,11,1197889125
527,2013-01-05 0:01,1,12,22,32,33,42,38,13,1032386366
526,2012-01-29 0:12,7,14,17,20,35,39,31,9,1491031959
525,2012-01-22 0:12,11,23,26,29,39,44,22,9,1501132375
524,2012-01-15 0:12,10,11,29,38,41,45,21,4,3491695594
523,2012-01-08 0:12,1,4,37,38,40,45,7,7,1780355840
522,2012-01-01 0:12,4,5,13,14,37,41,11,6,2281623000
521,2012-01-24 0:11,3,7,18,29,32,36,19,8,1693420922
530,2013-01-26 0:01,16,23,27,29,33,41,22,11,1231656239
529,2013-01-19 0:01,18,20,24,27,31,42,39,8,1749114797
528,2013-01-12 0:01,5,17,25,31,39,40,10,11,1197889125
527,2013-01-05 0:01,1,12,22,32,33,42,38,13,1032386366
526,2012-01-29 0:12,7,14,17,20,35,39,31,9,1491031959
525,2012-01-22 0:12,11,23,26,29,39,44,22,9,1501132375
524,2012-01-15 0:12,10,11,29,38,41,45,21,4,3491695594
523,2012-01-08 0:12,1,4,37,38,40,45,7,7,1780355840
522,2012-01-01 0:12,4,5,13,14,37,41,11,6,2281623000
521,2012-01-24 0:11,3,7,18,29,32,36,19,8,1693420922
520,2012-01-17 0:11,4,22,27,28,38,40,1,6,2167205438
519,2012-01-10 0:11,6,8,13,16,30,43,3,7,1950601393
518,2012-01-03 0:11,14,23,30,32,34,38,6,6,2263804125
517,2012-01-27 0:10,1,9,12,28,36,41,10,5,2659057725
516,2012-01-20 0:10,2,8,23,41,43,44,30,11,1294190182
515,2012-01-13 0:10,2,11,12,15,23,37,8,1,13200466875
514,2012-01-06 0:10,1,15,20,26,35,42,9,3,4451055500
513,2012-01-29 0:09,5,8,21,23,27,33,12,3,4589624750
512,2012-01-22 0:09,4,5,9,13,26,27,1,13,940094452
511,2012-01-15 0:09,3,7,14,23,26,42,24,6,2165579250
510,2012-01-08 0:09,12,29,32,33,39,40,42,5,2644158150
509,2012-01-01 0:09,12,25,29,35,42,43,24,5,2689076100
508,2012-01-25 0:08,5,27,31,34,35,43,37,8,1599557860
507,2012-01-18 0:08,12,13,32,33,40,41,4,9,1416438875
506,2012-01-11 0:08,6,9,11,22,24,30,31,3,4073333875
505,2012-01-04 0:08,7,20,22,25,38,40,44,6,1917955188
504,2012-01-28 0:07,6,14,22,26,43,44,31,9,1443236959
503,2012-01-21 0:07,1,5,27,30,34,36,40,7,1853634911
502,2012-01-14 0:07,6,22,28,32,34,40,26,6,2201458125
501,2012-01-07 0:07,1,4,10,17,31,42,2,4,3025200094
500,2012-01-30 0:06,3,4,12,20,24,34,41,9,1351072375
499,2012-01-23 0:06,5,20,23,27,35,40,43,3,4070480250
498,2012-01-16 0:06,13,14,24,32,39,41,3,4,3244503094
497,2012-01-09 0:06,19,20,23,24,43,44,13,6,2222817813
496,2012-01-02 0:06,4,13,20,29,36,41,39,4,3285932250
495,2012-01-26 0:05,4,13,22,27,34,44,6,6,2111645000
494,2012-01-19 0:05,5,7,8,15,30,43,22,12,1054588407
493,2012-01-12 0:05,20,22,26,33,36,37,25,9,1451120334
492,2012-01-05 0:05,22,27,31,35,37,40,42,5,2493013800
491,2012-01-28 0:04,8,17,35,36,39,42,4,4,3304634438
490,2012-01-21 0:04,2,7,26,29,40,43,42,7,1860234161
489,2012-01-14 0:04,2,4,8,15,20,27,11,6,2106360625
488,2012-01-07 0:04,2,8,17,30,31,38,25,10,1330393575
487,2012-01-31 0:03,4,8,25,27,37,41,21,8,1638830766
486,2012-01-24 0:03,1,2,23,25,38,40,43,13,1008634125
485,2012-01-17 0:03,17,22,26,27,36,39,20,9,1501474917
484,2012-01-10 0:03,1,3,27,28,32,45,11,6,2305303063
483,2012-01-03 0:03,12,15,19,22,28,34,5,5,2567196675
482,2012-01-25 0:02,1,10,16,24,25,35,43,7,1897921179
481,2012-01-18 0:02,3,4,23,29,40,41,20,3,4639355750
480,2012-01-11 0:02,3,5,10,17,30,31,16,4,2996742282
479,2012-01-04 0:02,8,23,25,27,35,44,24,6,2233046500
478,2012-01-28 0:01,18,29,30,37,39,43,8,14,987224759
477,2012-01-21 0:01,14,25,29,32,33,45,37,8,1919011829
476,2012-01-14 0:01,9,12,13,15,37,38,27,4,3439851469
475,2012-01-07 0:01,1,9,14,16,21,29,3,8,1693923047
474,2011-01-31 0:12,4,13,18,31,33,45,43,15,936690800
473,2011-01-24 0:12,8,13,20,22,23,36,34,4,3250418063
472,2011-01-17 0:12,16,25,26,31,36,43,44,7,1809656090
471,2011-01-10 0:12,6,13,29,37,39,41,43,7,1939332858
470,2011-01-03 0:12,10,16,20,39,41,42,27,3,4333330625
469,2011-01-26 0:11,4,21,22,34,37,38,33,4,3330131250
468,2011-01-19 0:11,8,13,15,28,37,43,17,9,1527197167
467,2011-01-12 0:11,2,12,14,17,24,40,39,9,1435441084
466,2011-01-05 0:11,4,10,13,23,32,44,20,9,1530313459
465,2011-01-29 0:10,1,8,11,13,22,38,31,7,1923662893
464,2011-01-22 0:10,6,12,15,34,42,44,4,13,3355721106
463,2011-01-15 0:10,23,29,31,33,34,44,40,0,0
462,2011-01-08 0:10,3,20,24,32,37,45,4,8,1483559297
461,2011-01-01 0:10,11,18,26,31,37,40,43,6,1948674875
460,2011-01-24 0:09,8,11,28,30,43,45,41,4,3180895782
459,2011-01-17 0:09,4,6,10,14,25,40,12,7,1655842233
458,2011-01-10 0:09,4,9,10,32,36,40,18,8,1608812625
457,2011-01-03 0:09,8,10,18,23,27,40,33,10,1159902825
456,2011-01-27 0:08,1,7,12,18,23,27,44,7,1598505054
455,2011-01-20 0:08,4,19,20,26,30,35,24,7,1635711483
454,2011-01-13 0:08,13,25,27,34,38,41,10,7,1609125590
453,2011-01-06 0:08,12,24,33,38,40,42,30,5,2262732375
452,2011-01-30 0:07,8,10,18,30,32,34,27,9,1276902000
451,2011-01-23 0:07,12,15,20,24,30,38,29,13,882138952
450,2011-01-16 0:07,6,14,19,21,23,31,13,6,1990391625
449,2011-01-09 0:07,3,10,20,26,35,43,36,3,4059715250
448,2011-01-02 0:07,3,7,13,27,40,41,36,3,4026212750
447,2011-01-25 0:06,2,7,8,9,17,33,34,4,2657941125
446,2011-01-18 0:06,1,11,12,14,26,35,6,3,4051247625
445,2011-01-11 0:06,13,20,21,30,39,45,32,7,1791683036
444,2011-01-04 0:06,11,13,23,35,43,45,17,3,4154188625
443,2011-01-28 0:05,4,6,10,19,20,44,14,9,1327597584
442,2011-01-21 0:05,25,27,29,36,38,40,41,9,1413413042
441,2011-01-14 0:05,1,23,28,30,34,35,9,4,3170417063
440,2011-01-07 0:05,10,22,28,34,36,44,2,6,1995873000
439,2011-01-30 0:04,17,20,30,31,37,40,25,6,1900077375
438,2011-01-23 0:04,6,12,20,26,29,38,45,9,1377142167
437,2011-01-16 0:04,11,16,29,38,41,44,21,6,2096245438
436,2011-01-09 0:04,9,14,20,22,33,34,28,8,1512266579
435,2011-01-02 0:04,8,16,26,30,38,45,42,10,1287550013
434,2011-01-26 0:03,3,13,20,24,33,37,35,8,1480060266
433,2011-01-19 0:03,19,23,29,33,35,43,27,11,1182294410
432,2011-01-12 0:03,2,3,5,11,27,39,33,5,2299427550
431,2011-01-05 0:03,18,22,25,31,38,45,6,10,1268434013
440,2011-01-07 0:05,10,22,28,34,36,44,2,6,1995873000
439,2011-01-30 0:04,17,20,30,31,37,40,25,6,1900077375
438,2011-01-23 0:04,6,12,20,26,29,38,45,9,1377142167
437,2011-01-16 0:04,11,16,29,38,41,44,21,6,2096245438
436,2011-01-09 0:04,9,14,20,22,33,34,28,8,1512266579
435,2011-01-02 0:04,8,16,26,30,38,45,42,10,1287550013
434,2011-01-26 0:03,3,13,20,24,33,37,35,8,1480060266
433,2011-01-19 0:03,19,23,29,33,35,43,27,11,1182294410
432,2011-01-12 0:03,2,3,5,11,27,39,33,5,2299427550
431,2011-01-05 0:03,18,22,25,31,38,45,6,10,1268434013
410,2010-01-09 0:10,1,3,18,32,40,41,16,9,1249335709
409,2010-01-02 0:10,6,9,21,31,32,40,38,4,2896989750
408,2010-01-25 0:09,9,20,21,22,30,37,16,5,2235375825
407,2010-01-18 0:09,6,7,13,16,24,25,1,7,1649707286
406,2010-01-11 0:09,7,12,21,24,27,36,45,5,2156142450
405,2010-01-04 0:09,1,2,10,25,26,44,4,3,3543878000
404,2010-01-28 0:08,5,20,21,24,33,40,36,3,3566659375
403,2010-01-21 0:08,10,14,22,24,28,37,26,5,2122396875
402,2010-01-14 0:08,5,9,15,19,22,36,32,4,2662206188
401,2010-01-07 0:08,6,12,18,31,38,43,9,9,1168214792
410,2010-01-09 0:10,1,3,18,32,40,41,16,9,1249335709
409,2010-01-02 0:10,6,9,21,31,32,40,38,4,2896989750
408,2010-01-25 0:09,9,20,21,22,30,37,16,5,2235375825
407,2010-01-18 0:09,6,7,13,16,24,25,1,7,1649707286
406,2010-01-11 0:09,7,12,21,24,27,36,45,5,2156142450
405,2010-01-04 0:09,1,2,10,25,26,44,4,3,3543878000
404,2010-01-28 0:08,5,20,21,24,33,40,36,3,3566659375
403,2010-01-21 0:08,10,14,22,24,28,37,26,5,2122396875
402,2010-01-14 0:08,5,9,15,19,22,36,32,4,2662206188
401,2010-01-07 0:08,6,12,18,31,38,43,9,9,1168214792
400,2010-01-31 0:07,9,21,27,34,41,43,2,4,2669834325
399,2010-01-24 0:07,1,2,9,17,19,42,20,8,1276854975
398,2010-01-17 0:07,10,15,20,23,42,44,7,4,2680625550
397,2010-01-10 0:07,12,13,17,22,25,33,8,3,3499519700
396,2010-01-03 0:07,18,20,31,34,40,45,30,2,5296622400
395,2010-01-26 0:06,11,15,20,26,31,35,7,7,1534635000
394,2010-01-19 0:06,1,13,20,22,25,28,15,1,10654349100
393,2010-01-12 0:06,9,16,28,40,41,43,21,8,1362003975
392,2010-01-05 0:06,1,3,7,8,24,42,43,6,1713528700
391,2010-01-29 0:05,10,11,18,22,28,39,30,1,10508749800
390,2010-01-22 0:05,16,17,28,37,39,40,15,1,10373997900
389,2010-01-15 0:05,7,16,18,20,23,26,3,5,2119027020
388,2010-01-08 0:05,1,8,9,17,29,32,45,4,2545543875
387,2010-01-01 0:05,1,26,31,34,40,43,20,4,2675533500
386,2010-01-24 0:04,4,7,10,19,31,40,26,10,1042953330
385,2010-01-17 0:04,7,12,19,21,29,32,9,7,1542032700
384,2010-01-10 0:04,11,22,24,32,36,38,7,3,3658734200
383,2010-01-03 0:04,4,15,28,33,37,40,25,3,3596522100
382,2010-01-27 0:03,10,15,22,24,27,42,19,6,1846674900
381,2010-01-20 0:03,1,5,10,12,16,20,11,19,565738895
370,2010-01-02 0:01,16,18,24,42,44,45,17,7,1678941943
369,2009-01-26 0:12,17,20,35,36,41,43,21,6,1842177750
368,2009-01-19 0:12,11,21,24,30,39,45,26,7,1465825115
367,2009-01-12 0:12,3,22,25,29,32,44,19,7,1581736586
366,2009-01-05 0:12,5,12,19,26,27,44,38,2,5351553900
365,2009-01-28 0:11,5,15,21,25,26,30,31,1,10697716800
364,2009-01-21 0:11,2,5,7,14,16,40,4,4,2531914800
363,2009-01-14 0:11,11,12,14,21,32,38,6,4,2615910600
362,2009-01-07 0:11,2,3,22,27,30,40,29,6,1729424650
361,2009-01-31 0:10,5,10,16,24,27,35,33,7,1473115115
370,2010-01-02 0:01,16,18,24,42,44,45,17,7,1678941943
369,2009-01-26 0:12,17,20,35,36,41,43,21,6,1842177750
368,2009-01-19 0:12,11,21,24,30,39,45,26,7,1465825115
367,2009-01-12 0:12,3,22,25,29,32,44,19,7,1581736586
366,2009-01-05 0:12,5,12,19,26,27,44,38,2,5351553900
365,2009-01-28 0:11,5,15,21,25,26,30,31,1,10697716800
364,2009-01-21 0:11,2,5,7,14,16,40,4,4,2531914800
363,2009-01-14 0:11,11,12,14,21,32,38,6,4,2615910600
362,2009-01-07 0:11,2,3,22,27,30,40,29,6,1729424650
361,2009-01-31 0:10,5,10,16,24,27,35,33,7,1473115115
360,2009-01-24 0:10,4,16,23,25,35,40,27,3,3566716200
359,2009-01-17 0:10,1,10,19,20,24,40,23,8,1286712600
358,2009-01-10 0:10,1,9,10,12,21,40,37,3,3472654900
357,2009-01-03 0:10,10,14,18,21,36,37,5,2,5313394350
356,2009-01-26 0:09,2,8,14,25,29,45,24,9,1157185267
355,2009-01-19 0:09,5,8,29,30,35,44,38,5,2145424800
354,2009-01-12 0:09,14,19,36,43,44,45,1,5,2124464340
353,2009-01-05 0:09,11,16,19,22,29,36,26,2,5290838250
352,2009-01-29 0:08,5,16,17,20,26,41,24,6,1732858250
351,2009-01-22 0:08,5,25,27,29,34,36,33,4,2583357150
350,2009-01-15 0:08,1,8,18,24,29,33,35,9,1101052467
349,2009-01-08 0:08,5,13,14,20,24,25,36,3,3353209000
348,2009-01-01 0:08,3,14,17,20,24,31,34,3,3299994000
347,2009-01-25 0:07,3,8,13,27,32,42,10,7,1456624286
346,2009-01-18 0:07,5,13,14,22,44,45,33,5,2017727340
345,2009-01-11 0:07,15,20,23,29,39,42,2,2,5203577550
344,2009-01-04 0:07,1,2,15,28,34,45,38,7,1467106543
343,2009-01-27 0:06,1,10,17,29,31,43,15,6,1717153000
342,2009-01-20 0:06,1,13,14,33,34,43,25,3,3454095800
341,2009-01-13 0:06,1,8,19,34,39,43,41,7,1497207772
340,2009-01-06 0:06,18,24,26,29,34,38,32,7,1439393186
339,2009-01-30 0:05,6,8,14,21,30,37,45,9,1096778334
338,2009-01-23 0:05,2,13,34,38,42,45,16,3,3383431000
337,2009-01-16 0:05,1,5,14,18,32,37,4,8,1257500513
336,2009-01-09 0:05,3,5,20,34,35,44,16,6,1685632650
335,2009-01-02 0:05,5,9,16,23,26,45,21,5,2037492480
334,2009-01-25 0:04,13,15,21,29,39,43,33,7,1523002972
333,2009-01-18 0:04,5,14,27,30,39,43,35,7,1550987143
332,2009-01-11 0:04,16,17,34,36,42,45,3,8,1359448388
331,2009-01-04 0:04,4,9,14,26,31,44,39,5,2165902620
330,2009-01-28 0:03,3,4,16,17,19,20,23,9,1162280200
329,2009-01-21 0:03,9,17,19,30,35,42,4,6,1830391200
328,2009-01-14 0:03,1,6,9,16,17,28,24,6,1819795900
327,2009-01-07 0:03,6,12,13,17,32,44,24,12,882674750
326,2009-01-28 0:02,16,23,25,33,36,39,40,6,1832134550
325,2009-01-21 0:02,7,17,20,32,44,45,33,6,1806122450
324,2009-01-14 0:02,2,4,21,25,33,36,17,6,1865130350
323,2009-01-07 0:02,10,14,15,32,36,42,3,8,1461025388
322,2009-01-31 0:01,9,18,29,32,38,43,20,6,1904544700
321,2009-01-24 0:01,12,18,20,21,25,34,42,6,1959136100
320,2009-01-17 0:01,16,19,23,25,41,45,3,2,5513067900
319,2009-01-10 0:01,5,8,22,28,33,42,37,5,2135659380
318,2009-01-03 0:01,2,17,19,20,34,45,21,9,1207436600
317,2008-01-27 0:12,3,10,11,22,36,39,8,4,2576258550
316,2008-01-20 0:12,10,11,21,27,31,39,43,6,1673586400
315,2008-01-13 0:12,1,13,33,35,43,45,23,8,1308728625
314,2008-01-06 0:12,15,17,19,34,38,41,2,6,1660512200
313,2008-01-29 0:11,9,17,34,35,43,45,2,6,1715422800
312,2008-01-22 0:11,2,3,5,6,12,20,25,15,629017820
311,2008-01-15 0:11,4,12,24,27,28,32,10,8,1237691063
310,2008-01-08 0:11,1,5,19,28,34,41,16,8,1296713325
309,2008-01-01 0:11,1,2,5,11,18,36,22,11,901622946
308,2008-01-25 0:10,14,15,17,19,37,45,40,1,10232872800
307,2008-01-18 0:10,5,15,21,23,25,45,12,4,2587643250
306,2008-01-11 0:10,4,18,23,30,34,41,19,5,2102669520
305,2008-01-04 0:10,7,8,18,21,23,39,9,5,2008210140
304,2008-01-27 0:09,4,10,16,26,33,41,38,6,1661646150
303,2008-01-20 0:09,2,14,17,30,38,45,43,6,1672749000
302,2008-01-13 0:09,13,19,20,32,38,42,4,2,5472167250
301,2008-01-06 0:09,7,11,13,33,37,43,26,7,1447385015
300,2008-01-30 0:08,7,9,10,12,26,38,39,12,836092425
299,2008-01-23 0:08,1,3,20,25,36,45,24,7,1483772529
298,2008-01-16 0:08,5,9,27,29,37,40,19,1,9909778500
297,2008-01-09 0:08,6,11,19,20,28,32,34,2,5056668750
296,2008-01-02 0:08,3,8,15,27,30,45,44,8,3066088275
295,2008-01-26 0:07,1,4,12,16,18,38,8,0,0
294,2008-01-19 0:07,6,10,17,30,37,38,40,4,2406504975
293,2008-01-12 0:07,1,9,17,21,29,33,24,6,1656764400
292,2008-01-05 0:07,17,18,31,32,33,34,10,14,720373950
291,2008-01-28 0:06,3,7,8,18,20,42,45,7,1450585200
280,2008-01-12 0:04,10,11,23,24,36,37,35,7,1355258529
279,2008-01-05 0:04,7,16,31,36,37,38,11,5,1914205320
278,2008-01-29 0:03,3,11,37,39,41,43,13,3,3186530000
277,2008-01-22 0:03,10,12,13,15,25,29,20,3,3272627800
276,2008-01-15 0:03,4,15,21,33,39,41,25,3,3312569000
275,2008-01-08 0:03,14,19,20,35,38,40,26,1,10044066900
274,2008-01-01 0:03,13,14,15,26,35,39,25,4,2505085575
273,2008-01-23 0:02,1,8,24,31,34,44,6,3,3339543100
272,2008-01-16 0:02,7,9,12,27,39,43,28,9,1104622800
271,2008-01-09 0:02,3,8,9,27,29,40,36,6,1565918150
280,2008-01-12 0:04,10,11,23,24,36,37,35,7,1355258529
279,2008-01-05 0:04,7,16,31,36,37,38,11,5,1914205320
278,2008-01-29 0:03,3,11,37,39,41,43,13,3,3186530000
277,2008-01-22 0:03,10,12,13,15,25,29,20,3,3272627800
276,2008-01-15 0:03,4,15,21,33,39,41,25,3,3312569000
275,2008-01-08 0:03,14,19,20,35,38,40,26,1,10044066900
274,2008-01-01 0:03,13,14,15,26,35,39,25,4,2505085575
273,2008-01-23 0:02,1,8,24,31,34,44,6,3,3339543100
272,2008-01-16 0:02,7,9,12,27,39,43,28,9,1104622800
271,2008-01-09 0:02,3,8,9,27,29,40,36,6,1565918150
260,2007-01-24 0:11,7,12,15,24,37,40,43,4,2310085575
259,2007-01-17 0:11,4,5,14,35,42,45,34,2,4838533500
258,2007-01-10 0:11,14,27,30,31,38,40,17,4,2426434350
257,2007-01-03 0:11,6,13,27,31,32,37,4,4,2391377025
256,2007-01-27 0:10,4,11,14,21,23,43,32,2,4891017000
255,2007-01-20 0:10,1,5,6,24,27,42,32,6,1598618550
254,2007-01-13 0:10,1,5,19,20,24,30,27,1,9741015900
253,2007-01-06 0:10,8,19,25,31,34,36,33,4,2466189525
252,2007-01-29 0:09,14,23,26,31,39,45,28,7,1391089715
251,2007-01-22 0:09,6,7,19,25,28,38,45,8,1282616400
260,2007-01-24 0:11,7,12,15,24,37,40,43,4,2310085575
259,2007-01-17 0:11,4,5,14,35,42,45,34,2,4838533500
258,2007-01-10 0:11,14,27,30,31,38,40,17,4,2426434350
257,2007-01-03 0:11,6,13,27,31,32,37,4,4,2391377025
256,2007-01-27 0:10,4,11,14,21,23,43,32,2,4891017000
255,2007-01-20 0:10,1,5,6,24,27,42,32,6,1598618550
254,2007-01-13 0:10,1,5,19,20,24,30,27,1,9741015900
253,2007-01-06 0:10,8,19,25,31,34,36,33,4,2466189525
252,2007-01-29 0:09,14,23,26,31,39,45,28,7,1391089715
251,2007-01-22 0:09,6,7,19,25,28,38,45,8,1282616400
240,2007-01-07 0:07,6,10,16,40,41,43,21,2,5098251450
239,2007-01-30 0:06,11,15,24,39,41,44,7,9,1134140167
238,2007-01-23 0:06,2,4,15,28,31,34,35,9,1121660567
237,2007-01-16 0:06,1,11,17,21,24,44,33,7,1440630729
236,2007-01-09 0:06,1,4,8,13,37,39,7,2,5030040150
235,2007-01-02 0:06,21,22,26,27,31,37,8,3,3433330100
234,2007-01-26 0:05,13,21,22,24,26,37,4,4,2519743875
233,2007-01-19 0:05,4,6,13,17,28,40,39,10,999153750
232,2007-01-12 0:05,8,9,10,12,24,44,35,9,1110918400
231,2007-01-05 0:05,5,10,19,31,44,45,27,9,1088365900
240,2007-01-07 0:07,6,10,16,40,41,43,21,2,5098251450
239,2007-01-30 0:06,11,15,24,39,41,44,7,9,1134140167
238,2007-01-23 0:06,2,4,15,28,31,34,35,9,1121660567
237,2007-01-16 0:06,1,11,17,21,24,44,33,7,1440630729
236,2007-01-09 0:06,1,4,8,13,37,39,7,2,5030040150
235,2007-01-02 0:06,21,22,26,27,31,37,8,3,3433330100
234,2007-01-26 0:05,13,21,22,24,26,37,4,4,2519743875
233,2007-01-19 0:05,4,6,13,17,28,40,39,10,999153750
232,2007-01-12 0:05,8,9,10,12,24,44,35,9,1110918400
231,2007-01-05 0:05,5,10,19,31,44,45,27,9,1088365900
230,2007-01-28 0:04,5,11,14,29,32,33,12,8,1292929163
229,2007-01-21 0:04,4,5,9,11,23,38,35,7,1451441100
228,2007-01-14 0:04,17,25,35,36,39,44,23,9,1146700334
227,2007-01-07 0:04,4,5,15,16,22,42,2,2,5253542400
226,2007-01-31 0:03,2,6,8,14,21,22,34,6,1744100150
225,2007-01-24 0:03,5,11,13,19,31,36,7,6,1777201800
224,2007-01-17 0:03,4,19,26,27,30,42,7,6,1808969950
223,2007-01-10 0:03,1,3,18,20,26,27,38,7,1498170600
222,2007-01-03 0:03,5,7,28,29,39,43,44,5,2275193820
221,2007-01-24 0:02,2,20,33,35,37,40,10,6,1800104250
220,2007-01-17 0:02,5,11,19,21,34,43,31,6,1958094950
219,2007-01-10 0:02,4,11,20,26,35,37,16,9,1208409167
218,2007-01-03 0:02,1,8,14,18,29,44,20,4,2779075800
217,2007-01-27 0:01,16,20,27,33,35,39,38,7,1611246172
216,2007-01-20 0:01,7,16,17,33,36,40,1,13,848506108
215,2007-01-13 0:01,2,3,7,15,43,44,4,7,1587689615
214,2007-01-06 0:01,5,7,20,25,28,37,32,8,1406980875
213,2006-01-30 0:12,2,3,4,5,20,24,42,8,1376678025
212,2006-01-23 0:12,11,12,18,21,31,38,8,4,2660747250
211,2006-01-16 0:12,12,13,17,20,33,41,8,10,1035800250
210,2006-01-09 0:12,10,19,22,23,25,37,39,2,5139085950
209,2006-01-02 0:12,2,7,18,20,24,33,37,6,1660896350
208,2006-01-25 0:11,14,25,31,34,40,44,24,6,1760767400
207,2006-01-18 0:11,3,11,14,31,32,37,38,5,2104673760
206,2006-01-11 0:11,1,2,3,15,20,25,43,5,2032859340
205,2006-01-04 0:11,1,3,21,29,35,37,30,6,1835221800
204,2006-01-28 0:10,3,12,14,35,40,45,5,8,1358347125
203,2006-01-21 0:10,1,3,11,24,30,32,7,5,2164564740
202,2006-01-14 0:10,12,14,27,33,39,44,17,6,1893391700
201,2006-01-07 0:10,3,11,24,38,39,44,26,1,9719465400
190,2006-01-22 0:07,8,14,18,30,31,44,15,6,1784159450
189,2006-01-15 0:07,8,14,32,35,37,45,28,3,3461775100
188,2006-01-08 0:07,19,24,27,30,31,34,36,3,3501405200
187,2006-01-01 0:07,1,2,8,18,29,38,42,7,1544733900
186,2006-01-24 0:06,4,10,14,19,21,45,9,9,1187882600
185,2006-01-17 0:06,1,2,4,8,19,38,14,3,3522485800
184,2006-01-10 0:06,1,2,6,16,20,33,41,6,1747753050
183,2006-01-03 0:06,2,18,24,34,40,42,5,6,1777221500
182,2006-01-27 0:05,13,15,27,29,34,40,35,3,3721439400
181,2006-01-20 0:05,14,21,23,32,40,45,44,6,1941763300
190,2006-01-22 0:07,8,14,18,30,31,44,15,6,1784159450
189,2006-01-15 0:07,8,14,32,35,37,45,28,3,3461775100
188,2006-01-08 0:07,19,24,27,30,31,34,36,3,3501405200
187,2006-01-01 0:07,1,2,8,18,29,38,42,7,1544733900
186,2006-01-24 0:06,4,10,14,19,21,45,9,9,1187882600
185,2006-01-17 0:06,1,2,4,8,19,38,14,3,3522485800
184,2006-01-10 0:06,1,2,6,16,20,33,41,6,1747753050
183,2006-01-03 0:06,2,18,24,34,40,42,5,6,1777221500
182,2006-01-27 0:05,13,15,27,29,34,40,35,3,3721439400
181,2006-01-20 0:05,14,21,23,32,40,45,44,6,1941763300
180,2006-01-13 0:05,2,15,20,21,29,34,22,2,5763371550
179,2006-01-06 0:05,5,9,17,25,39,43,32,10,1081093920
178,2006-01-29 0:04,1,5,11,12,18,23,9,5,2254621080
177,2006-01-22 0:04,1,10,13,16,37,43,6,7,1693285500
176,2006-01-15 0:04,4,17,30,32,33,34,15,5,2314663080
175,2006-01-08 0:04,19,26,28,31,33,36,17,5,2371132620
174,2006-01-01 0:04,13,14,18,22,35,39,16,7,1771103058
173,2006-01-25 0:03,3,9,24,30,33,34,18,8,1487736788
172,2006-01-18 0:03,4,19,21,24,26,41,35,11,1081154073
171,2006-01-11 0:03,4,16,25,29,34,35,1,6,1961339700
170,2006-01-04 0:03,2,11,13,15,31,42,10,6,1923108250
169,2006-01-25 0:02,16,27,35,37,43,45,19,5,2482888380
168,2006-01-18 0:02,3,10,31,40,42,43,30,5,2349946920
167,2006-01-11 0:02,24,27,28,30,36,39,4,5,2491222920
166,2006-01-04 0:02,9,12,27,36,39,45,14,11,1111299982
165,2006-01-28 0:01,5,13,18,19,22,42,31,2,6767426700
164,2006-01-21 0:01,6,9,10,11,39,41,27,3,4054937900
163,2006-01-14 0:01,7,11,26,28,29,44,16,7,1629726515
162,2006-01-07 0:01,1,5,21,25,38,41,24,5,2308265760
161,2005-01-31 0:12,22,34,36,40,42,45,44,7,1996876272
160,2005-01-24 0:12,3,7,8,34,39,41,1,2,5490805350
159,2005-01-17 0:12,1,18,30,41,42,43,32,6,1755407300
158,2005-01-10 0:12,4,9,13,18,21,34,7,10,1069544340
157,2005-01-03 0:12,19,26,30,33,35,39,37,2,5484903750
156,2005-01-26 0:11,5,18,28,30,42,45,2,8,1401099900
155,2005-01-19 0:11,16,19,20,32,33,41,4,9,1193005734
154,2005-01-12 0:11,6,19,21,35,40,45,20,4,2836628700
153,2005-01-05 0:11,3,8,11,12,13,36,33,4,2730526125
152,2005-01-29 0:10,1,5,13,26,29,34,43,5,2278131840
151,2005-01-22 0:10,1,2,10,13,18,19,15,4,2716634025
140,2005-01-06 0:08,3,13,17,18,19,28,8,5,2109462840
139,2005-01-30 0:07,9,11,15,20,28,43,13,7,1650210215
138,2005-01-23 0:07,10,11,27,28,37,39,19,5,2227152000
137,2005-01-16 0:07,7,9,20,25,36,39,15,9,1270403467
136,2005-01-09 0:07,2,16,30,36,41,42,11,6,1997694150
135,2005-01-02 0:07,6,14,22,28,35,39,16,7,1717293515
134,2005-01-25 0:06,3,12,20,23,31,35,43,5,2349155100
133,2005-01-18 0:06,4,7,15,18,23,26,13,8,1450242600
132,2005-01-11 0:06,3,17,23,34,41,45,43,4,2920473525
131,2005-01-04 0:06,8,10,11,14,15,21,37,8,1451214488
140,2005-01-06 0:08,3,13,17,18,19,28,8,5,2109462840
139,2005-01-30 0:07,9,11,15,20,28,43,13,7,1650210215
138,2005-01-23 0:07,10,11,27,28,37,39,19,5,2227152000
137,2005-01-16 0:07,7,9,20,25,36,39,15,9,1270403467
136,2005-01-09 0:07,2,16,30,36,41,42,11,6,1997694150
135,2005-01-02 0:07,6,14,22,28,35,39,16,7,1717293515
134,2005-01-25 0:06,3,12,20,23,31,35,43,5,2349155100
133,2005-01-18 0:06,4,7,15,18,23,26,13,8,1450242600
132,2005-01-11 0:06,3,17,23,34,41,45,43,4,2920473525
131,2005-01-04 0:06,8,10,11,14,15,21,37,8,1451214488
120,2005-01-19 0:03,4,6,10,11,32,37,30,3,4364530300
119,2005-01-12 0:03,3,11,13,14,17,21,38,9,1474899400
118,2005-01-05 0:03,3,4,10,17,19,22,38,10,1297989720
117,2005-01-26 0:02,5,10,22,34,36,44,35,9,1558378334
116,2005-01-19 0:02,2,4,25,31,34,37,17,7,1997747315
115,2005-01-12 0:02,1,2,6,9,25,28,31,9,1488589567
114,2005-01-05 0:02,11,14,19,26,28,41,2,6,2362345050
113,2005-01-29 0:01,4,9,28,33,36,45,26,9,1561528934
112,2005-01-22 0:01,26,29,30,33,41,42,43,9,1567271167
111,2005-01-15 0:01,7,18,31,33,36,40,27,6,2199047450
120,2005-01-19 0:03,4,6,10,11,32,37,30,3,4364530300
119,2005-01-12 0:03,3,11,13,14,17,21,38,9,1474899400
118,2005-01-05 0:03,3,4,10,17,19,22,38,10,1297989720
117,2005-01-26 0:02,5,10,22,34,36,44,35,9,1558378334
116,2005-01-19 0:02,2,4,25,31,34,37,17,7,1997747315
115,2005-01-12 0:02,1,2,6,9,25,28,31,9,1488589567
114,2005-01-05 0:02,11,14,19,26,28,41,2,6,2362345050
113,2005-01-29 0:01,4,9,28,33,36,45,26,9,1561528934
112,2005-01-22 0:01,26,29,30,33,41,42,43,9,1567271167
111,2005-01-15 0:01,7,18,31,33,36,40,27,6,2199047450
120,2005-01-19 0:03,4,6,10,11,32,37,30,3,4364530300
119,2005-01-12 0:03,3,11,13,14,17,21,38,9,1474899400
118,2005-01-05 0:03,3,4,10,17,19,22,38,10,1297989720
117,2005-01-26 0:02,5,10,22,34,36,44,35,9,1558378334
116,2005-01-19 0:02,2,4,25,31,34,37,17,7,1997747315
115,2005-01-12 0:02,1,2,6,9,25,28,31,9,1488589567
114,2005-01-05 0:02,11,14,19,26,28,41,2,6,2362345050
113,2005-01-29 0:01,4,9,28,33,36,45,26,9,1561528934
112,2005-01-22 0:01,26,29,30,33,41,42,43,9,1567271167
111,2005-01-15 0:01,7,18,31,33,36,40,27,6,2199047450
100,2004-01-30 0:10,1,7,11,23,37,42,6,4,3315315525
99,2004-01-23 0:10,1,3,10,27,29,37,11,6,2169219050
98,2004-01-16 0:10,6,9,16,23,24,32,43,4,3177972300
97,2004-01-09 0:10,6,7,14,15,20,36,3,9,1496214000
96,2004-01-02 0:10,1,3,8,21,22,31,20,7,1847133515
95,2004-01-25 0:09,8,17,27,31,34,43,14,8,1747741238
94,2004-01-18 0:09,5,32,34,40,41,45,6,6,2245339950
93,2004-01-11 0:09,6,22,24,36,38,44,19,6,2269178150
92,2004-01-04 0:09,3,14,24,33,35,36,17,11,1233270846
91,2004-01-28 0:08,1,21,24,26,29,42,27,4,3582902400
90,2004-01-21 0:08,17,20,29,35,38,44,10,4,3291435300
89,2004-01-14 0:08,4,26,28,29,33,40,37,3,4248321900
88,2004-01-07 0:08,1,17,20,24,30,41,27,4,3069709650
87,2004-01-31 0:07,4,12,16,23,34,43,26,11,1799358055
86,2004-01-24 0:07,2,12,37,39,41,45,33,1,14252186400
85,2004-01-17 0:07,6,8,13,23,31,36,21,4,3462109800
84,2004-01-10 0:07,16,23,27,34,42,45,11,2,7669779000
83,2004-01-03 0:07,6,10,15,17,19,34,14,2,7086948300
82,2004-01-26 0:06,1,2,3,14,27,42,39,1,14562494400
81,2004-01-19 0:06,5,7,11,13,20,33,6,5,2714288880
80,2004-01-12 0:06,17,18,24,25,26,30,1,1,13809540000
79,2004-01-05 0:06,3,12,24,27,30,32,14,4,3416443800
78,2004-01-29 0:05,10,13,25,29,33,35,38,4,3519850000
77,2004-01-22 0:05,2,18,29,32,43,44,37,3,5155758600
76,2004-01-15 0:05,1,3,15,22,25,37,43,2,7451022600
75,2004-01-08 0:05,2,5,24,32,34,44,28,4,3914616900
74,2004-01-01 0:05,6,15,17,18,35,40,23,3,5284949800
73,2004-01-24 0:04,3,12,18,32,40,43,38,6,2766662100
72,2004-01-17 0:04,2,4,11,17,26,27,1,13,3260524600
71,2004-01-10 0:04,5,9,12,16,29,41,21,0,0
60,2004-01-24 0:01,2,8,25,36,39,42,11,7,2172504600
59,2004-01-17 0:01,6,29,36,39,41,45,13,4,4127587300
58,2004-01-10 0:01,10,24,25,33,40,44,1,4,3676429200
57,2004-01-03 0:01,7,10,16,25,29,44,6,4,4114411900
56,2003-01-27 0:12,10,14,30,31,33,37,19,4,3777570900
55,2003-01-20 0:12,17,21,31,37,40,44,7,2,7088799600
54,2003-01-13 0:12,1,8,21,27,36,39,37,3,5148626600
53,2003-01-06 0:12,7,8,14,32,33,39,42,3,5014371000
52,2003-01-29 0:11,2,4,15,16,20,29,1,4,3900844900
51,2003-01-22 0:11,2,3,11,16,26,44,35,6,2421117000
60,2004-01-24 0:01,2,8,25,36,39,42,11,7,2172504600
59,2004-01-17 0:01,6,29,36,39,41,45,13,4,4127587300
58,2004-01-10 0:01,10,24,25,33,40,44,1,4,3676429200
57,2004-01-03 0:01,7,10,16,25,29,44,6,4,4114411900
56,2003-01-27 0:12,10,14,30,31,33,37,19,4,3777570900
55,2003-01-20 0:12,17,21,31,37,40,44,7,2,7088799600
54,2003-01-13 0:12,1,8,21,27,36,39,37,3,5148626600
53,2003-01-06 0:12,7,8,14,32,33,39,42,3,5014371000
52,2003-01-29 0:11,2,4,15,16,20,29,1,4,3900844900
51,2003-01-22 0:11,2,3,11,16,26,44,35,6,2421117000
50,2003-01-15 0:11,2,10,12,15,22,44,1,3,5227061400
49,2003-01-08 0:11,4,7,16,19,33,40,30,7,1967504600
48,2003-01-01 0:11,6,10,18,26,37,38,3,6,2415673600
47,2003-01-25 0:10,14,17,26,31,36,45,27,5,3250042400
46,2003-01-18 0:10,8,13,15,23,31,38,39,3,5327758800
45,2003-01-11 0:10,1,10,20,27,33,35,17,2,8356417800
44,2003-01-04 0:10,3,11,21,30,38,45,39,5,3362155800
43,2003-01-27 0:09,6,31,35,38,39,44,1,1,17749630800
42,2003-01-20 0:09,17,18,19,21,23,32,1,6,6899280100
41,2003-01-13 0:09,13,20,23,35,38,43,34,0,0
40,2003-01-06 0:09,7,13,18,19,25,26,6,13,1147652400
39,2003-01-30 0:08,6,7,13,15,21,43,8,6,2623748800
38,2003-01-23 0:08,16,17,22,30,37,43,36,3,5374866400
37,2003-01-16 0:08,7,27,30,33,35,37,42,3,4985999400
36,2003-01-09 0:08,1,10,23,26,28,40,31,1,16014475800
35,2003-01-02 0:08,2,3,11,26,37,43,39,3,5054598200
34,2003-01-26 0:07,9,26,35,37,40,42,2,5,3056918000
33,2003-01-19 0:07,4,7,32,33,40,41,9,1,14903517600
32,2003-01-12 0:07,6,14,19,25,34,44,11,10,1634528300
31,2003-01-05 0:07,7,9,18,23,28,35,32,2,8106672900
20,2003-01-19 0:04,10,14,18,20,23,30,41,1,19352212800
19,2003-01-12 0:04,6,30,38,39,40,43,26,1,40722959400
18,2003-01-05 0:04,3,12,13,19,32,35,29,0,0
17,2003-01-29 0:03,3,4,9,17,32,37,1,3,5349491200
16,2003-01-22 0:03,6,7,24,37,38,40,33,4,4377146100
15,2003-01-15 0:03,3,4,16,30,31,37,13,1,17014245000
14,2003-01-08 0:03,2,6,12,31,33,40,15,4,9375048300
13,2003-01-01 0:03,22,23,25,37,38,42,26,0,0
12,2003-01-22 0:02,2,11,21,25,39,45,44,12,1348845700
11,2003-01-15 0:02,1,7,36,37,41,42,14,5,4780152300
20,2003-01-19 0:04,10,14,18,20,23,30,41,1,19352212800
19,2003-01-12 0:04,6,30,38,39,40,43,26,1,40722959400
18,2003-01-05 0:04,3,12,13,19,32,35,29,0,0
17,2003-01-29 0:03,3,4,9,17,32,37,1,3,5349491200
16,2003-01-22 0:03,6,7,24,37,38,40,33,4,4377146100
15,2003-01-15 0:03,3,4,16,30,31,37,13,1,17014245000
14,2003-01-08 0:03,2,6,12,31,33,40,15,4,9375048300
13,2003-01-01 0:03,22,23,25,37,38,42,26,0,0
12,2003-01-22 0:02,2,11,21,25,39,45,44,12,1348845700
11,2003-01-15 0:02,1,7,36,37,41,42,14,5,4780152300
10,2003-01-08 0:02,9,25,30,33,41,44,6,13,6430437900
9,2003-01-01 0:02,2,4,16,17,36,39,14,0,0
8,2003-01-25 0:01,8,19,25,34,37,39,9,0,0
7,2003-01-18 0:01,2,9,16,25,26,40,42,0,0
6,2003-01-11 0:01,14,15,26,27,40,42,34,1,6574451700
5,2003-01-04 0:01,16,24,29,40,41,42,3,0,0
4,2002-01-28 0:12,14,27,30,31,40,42,2,0,0
3,2002-01-21 0:12,11,16,19,21,27,31,30,1,2000000000
2,2002-01-14 0:12,9,13,21,25,32,42,2,1,2002006800
1,2002-01-07 0:12,10,23,29,33,37,40,16,0,0
